,0,101,102,103,104,105,201,202,203,204,205,10101,10102,10103,10201,10202,10203
0,Inf,480.18164706539903,2725.0842968246347,5563.054434255999,8413.977083605498,11268.024527067215,27942.001016123082,8447.840601323267,31583.743021136717,59659.34732930171,88070.78163965757,36303.606806051655,26040.528072937264,40523.929423521025,51689.51118734919,52047.31426756513,52558.17880296692
101,480.18164706539903,Inf,Inf,Inf,Inf,Inf,27650.42565457311,8052.317215335375,31633.696203367865,59766.88601512457,88198.59100091264,36546.33856049846,26515.118436219298,40916.07659201391,52153.554964083254,52517.384312918424,53032.819277131726
102,2725.0842968246347,Inf,Inf,Inf,Inf,Inf,30402.649249376005,7823.424700473206,28872.97362196656,56935.321564675876,85352.99969641035,38396.19426291097,26072.86556142791,38589.42365663525,51941.91276834197,52150.94710267969,52514.78026527387
103,5563.054434255999,Inf,Inf,Inf,Inf,Inf,33172.61262450993,8596.411417662064,26132.980877458554,54106.44423835992,82508.20567997987,40363.67094011506,25939.594952566636,36338.512240761935,51886.9561494129,51939.30888309246,52148.339253450366
104,8413.977083605498,Inf,Inf,Inf,Inf,Inf,35956.21573616833,10144.788485139465,23420.994042660885,51280.69830406286,79664.29408348596,42432.410324902594,26120.03597045305,34178.31015108934,51989.1815671865,51884.363742047295,51936.704867295244
105,11268.024527067215,Inf,Inf,Inf,Inf,Inf,38750.51892424114,12176.25873373613,20747.997449244256,48458.63135743762,76821.36287466137,44588.31956795893,26607.80660229871,32127.119575475535,52247.66628176495,51986.60841775846,51881.77144401554
201,27942.001016123082,27650.42565457311,30402.649249376005,33172.61262450993,35956.21573616833,38750.51892424114,Inf,Inf,Inf,Inf,Inf,36506.70599440355,46509.42809643557,67758.45595063601,67620.61020332405,69008.52960161923,70484.95862042777
202,8447.840601323267,8052.317215335375,7823.424700473206,8596.411417662064,10144.788485139465,12176.25873373613,Inf,Inf,Inf,Inf,Inf,44033.528524973044,33896.29024555189,44252.863742503425,59755.1496866282,59974.37154646364,60328.224200384255
203,31583.743021136717,31633.696203367865,28872.97362196656,26132.980877458554,23420.994042660885,20747.997449244256,Inf,Inf,Inf,Inf,Inf,64657.98862326567,42074.854494132334,30999.015286470825,64840.243112337725,63773.99278507705,62819.657104008314
204,59659.34732930171,59766.88601512457,56935.321564675876,54106.44423835992,51280.69830406286,48458.63135743762,Inf,Inf,Inf,Inf,Inf,89765.43333760621,63459.54188331296,39988.23865034246,80456.61205064821,78566.84906311908,76736.92269773394
205,88070.78163965757,88198.59100091264,85352.99969641035,82508.20567997987,79664.29408348596,76821.36287466137,Inf,Inf,Inf,Inf,Inf,116492.34345076403,88991.01392037777,62230.68872966671,101870.93619905817,99568.01655108144,97294.47282856137
10101,36303.606806051655,36546.33856049846,38396.19426291097,40363.67094011506,42432.410324902594,44588.31956795893,36506.70599440355,44033.528524973044,64657.98862326567,89765.43333760621,116492.34345076403,Inf,Inf,Inf,36547.59546174083,38786.66249821289,41102.37059008085
10102,26040.528072937264,26515.118436219298,26072.86556142791,25939.594952566636,26120.03597045305,26607.80660229871,46509.42809643557,33896.29024555189,42074.854494132334,63459.54188331296,88991.01392037777,Inf,Inf,Inf,25947.360897835977,26078.081319531615,26517.70075621129
10103,40523.929423521025,40916.07659201391,38589.42365663525,36338.512240761935,34178.31015108934,32127.119575475535,67758.45595063601,44252.863742503425,30999.015286470825,39988.23865034246,62230.68872966671,Inf,Inf,Inf,40549.648452915935,38592.24190551019,36752.81962542582
10201,51689.51118734919,52153.554964083254,51941.91276834197,51886.9561494129,51989.1815671865,52247.66628176495,67620.61020332405,59755.1496866282,64840.243112337725,80456.61205064821,101870.93619905817,36547.59546174083,25947.360897835977,40549.648452915935,Inf,Inf,Inf
10202,52047.31426756513,52517.384312918424,52150.94710267969,51939.30888309246,51884.363742047295,51986.60841775846,69008.52960161923,59974.37154646364,63773.99278507705,78566.84906311908,99568.01655108144,38786.66249821289,26078.081319531615,38592.24190551019,Inf,Inf,Inf
10203,52558.17880296692,53032.819277131726,52514.78026527387,52148.339253450366,51936.704867295244,51881.77144401554,70484.95862042777,60328.224200384255,62819.657104008314,76736.92269773394,97294.47282856137,41102.37059008085,26517.70075621129,36752.81962542582,Inf,Inf,Inf
